,FROM STATION ID,FROM STATION NAME,FROM LONGITUDE,FROM LATITUDE
0,156,Clark St & Wellington Ave,-87.64753865799999,41.936496821999995
1,303,Broadway & Cornelia Ave,-87.64598000000001,41.945512
2,295,Broadway & Argyle St,-87.659637,41.972972
3,419,Lake Park Ave & 53rd St,-87.586449896,41.799494294
5,191,Canal St & Monroe St (*),-87.63946999999999,41.8807
6,374,Western Ave & Walton St,-87.68659601600001,41.898417689
7,148,State St & 33rd St,-87.625813,41.834734000000005
8,30,Ashland Ave & Augusta Blvd,-87.6677,41.899643
9,359,Larrabee St & Division St,-87.643353494,41.90348607
10,110,Dearborn St & Erie St,-87.62931800000001,41.893992
11,98,LaSalle St & Washington St,-87.63253,41.882664
12,220,Hampden Ct & Diversey Pkwy,-87.642385,41.93262
13,87,Racine Ave & Fullerton Ave,-87.65840426,41.92556258
14,282,Halsted St & Maxwell St,-87.647071,41.864883
15,293,Broadway & Wilson Ave,-87.657238,41.965485
16,243,Lincoln Ave & Leavitt St,-87.684146,41.962391
17,364,Larrabee St & Oak St,-87.64298546799999,41.900219493
18,423,University Ave & 57th St,-87.599861,41.791478000000005
21,120,Wentworth Ave & Archer Ave,-87.631886,41.853605
22,135,Halsted St & 21st St,-87.64665,41.85378
23,131,Lincoln Ave & Belmont Ave,-87.668385,41.939365
24,56,Desplaines St & Kinzie St,-87.64444785299999,41.888716036
25,118,Sedgwick St & North Ave,-87.638677,41.911386
27,57,Clinton St & Roosevelt Rd,-87.64108795899999,41.867117782
28,198,Green St & Madison St,-87.64878900000001,41.881892
29,321,Wabash Ave & 8th St,-87.62610600000001,41.871961999999996
30,296,Broadway & Belmont Ave,-87.645451,41.940106
31,312,Clarendon Ave & Gordon Ter,-87.649519,41.957879
32,119,Ashland Ave & Lake St,-87.66731999999999,41.88541
33,217,May St & Fulton St,-87.656001,41.886773
34,49,Dearborn St & Monroe St,-87.629520919,41.881319815
35,376,Artesian Ave & Hubbard St,-87.688219365,41.88949182
38,127,Lincoln Ave & Fullerton Ave,-87.64926,41.925905
39,133,Kingsbury St & Kinzie St,-87.638505772,41.889176833
40,458,Broadway & Thorndale Ave,-87.66014062100001,41.989742510999996
41,212,Orleans St & Ohio St,-87.63426199999999,41.889933
42,181,LaSalle St & Illinois St,-87.63206,41.890749
43,190,Southport Ave & Wrightwood Ave,-87.66317,41.92888
44,465,Marine Dr & Ainslie St,-87.650154,41.9716
45,394,Clark St & 9th St (AMLI),-87.63124599999999,41.870816
46,144,Larrabee St & Webster Ave,-87.64414000000001,41.921822
47,92,Carpenter St & Huron St,-87.653449,41.894556
48,96,Desplaines St & Randolph St,-87.644570585,41.88461619
49,43,Michigan Ave & Washington St,-87.624649141,41.883892766
50,350,Ashland Ave & Chicago Ave,-87.66774699999999,41.895965999999994
51,337,Clark St & Chicago Ave,-87.630931,41.896544
53,382,Western Ave & Congress Pkwy,-87.686445276,41.874748851
54,21,Aberdeen St & Jackson Blvd,-87.65478743,41.87772613
55,31,Franklin St & Chicago Ave,-87.63563839,41.89680204
56,242,Damen Ave & Leland Ave,-87.679028,41.967094
57,245,Clarendon Ave & Junior Ter,-87.649603,41.961003999999996
59,192,Canal St & Adams St,-87.639904,41.879255
62,322,Kimbark Ave & 53rd St,-87.594747,41.799568
64,254,Pine Grove Ave & Irving Park Rd,-87.648043,41.954383
66,174,Canal St & Madison St,-87.639833,41.882090999999996
67,71,Morgan St & Lake St,-87.652304856,41.885483308000005
68,80,Aberdeen St & Monroe St,-87.653929,41.880456
71,153,Southport Ave & Wellington Ave,-87.663576,41.935733
72,349,Halsted St & Wrightwood Ave,-87.649077,41.929142999999996
73,46,Wells St & Walton St,-87.63443007,41.89993001
74,152,Lincoln Ave & Diversey Pkwy,-87.658617,41.932225
75,171,May St & Cullerton St,-87.654127,41.855136
77,106,State St & Pearson St,-87.628722,41.897448
78,74,Kingsbury St & Erie St,-87.641711,41.893882
79,68,Clinton St & Tilden St,-87.640795,41.875885
82,290,Kedzie Ave & Palmer Ct,-87.70732199999999,41.921525
83,52,Michigan Ave & Lake St,-87.624117,41.886024
86,214,Damen Ave & Grand Ave,-87.67685999999999,41.891220000000004
87,16,Paulina Ave & North Ave,-87.67007199999999,41.910337
88,114,Sheffield Ave & Addison St,-87.65445,41.94688
89,134,Peoria St & Jackson Blvd,-87.649633,41.877749
90,478,Rockwell St & Eastwood Ave,-87.693638494,41.96590014
94,66,Clinton St & Lake St,-87.641253,41.885464
95,125,Rush St & Hubbard St,-87.626293,41.890011
97,137,Morgan Ave & 14th Pl,-87.651062,41.862378
98,291,Wells St & Evergreen Ave,-87.63483000000001,41.906724
100,278,Wallace St & 35th St,-87.64129,41.830628999999995
102,36,Franklin St & Jackson Blvd,-87.635321141,41.877707956
103,26,McClurg Ct & Illinois St,-87.6173,41.891020000000005
104,227,Southport Ave & Waveland Ave,-87.66394,41.94815
105,89,Financial Pl & Congress Pkwy,-87.633105819,41.875009135
106,142,McClurg Ct & Erie St,-87.61785400000001,41.894503
107,261,Hermitage Ave & Polk St,-87.669886,41.871514000000005
108,460,Clark St & Bryn Mawr Ave,-87.669154,41.983593
109,33,State St & Van Buren St,-87.627844,41.877181
111,91,Clinton St & Washington Blvd,-87.64116999999999,41.883379999999995
112,283,LaSalle St & Jackson Blvd,-87.631985,41.878170000000004
113,252,Greenwood Ave & 47th St,-87.59938299999999,41.809835
114,186,Ogden Ave & Race Ave,-87.658751,41.891795
115,196,Cityfront Plaza Dr & Pioneer Ct,-87.622072,41.890572999999996
116,141,Clark St & Lincoln Ave,-87.6346,41.915689
117,334,Lake Shore Dr & Belmont Ave,-87.63919200000001,41.940775
118,166,Ashland Ave & Wrightwood Ave,-87.66850699999999,41.92883
120,286,Franklin St & Quincy St,-87.634793,41.878724
123,308,Seeley Ave & Roscoe St,-87.679618,41.943403
125,128,Damen Ave & Chicago Ave,-87.67721999999999,41.895769
126,77,Clinton St & Madison St,-87.64106600000001,41.882242
127,50,Clark St & Congress Pkwy,-87.630584536,41.875932666
128,18,Wacker Dr & Washington St,-87.63731328700001,41.883271593
129,307,Southport Ave & Clybourn Ave,-87.663095,41.920445
135,325,Clark St & Winnemac Ave,-87.66836500000001,41.973385
141,146,Loomis St & Jackson Blvd,-87.66200699999999,41.877945000000004
142,251,Clarendon Ave & Leland Ave,-87.650001,41.967968
143,492,Leavitt St & Addison St,-87.683367214,41.94702904
145,496,Avers Ave & Belmont Ave,-87.723553833,41.939448391999996
148,346,Ada St & Washington Blvd,-87.661206,41.88283
150,377,Kedzie Ave & Lake St,-87.706303744,41.884603285
151,163,Damen Ave & Clybourn Ave,-87.677856,41.931931
152,59,Wabash Ave & Roosevelt Rd,-87.625961,41.867227
154,347,Ashland Ave & Grace St,-87.6687,41.950687
155,111,Sedgwick St & Huron St,-87.638437,41.894666
158,340,Clark St & Wrightwood Ave,-87.643118,41.929546
160,143,Sedgwick St & Webster Ave,-87.638888,41.922167
161,75,Canal St & Jackson Blvd,-87.641052,41.878412
168,344,Ravenswood Ave & Lawrence Ave,-87.674237,41.96909
170,29,Noble St & Milwaukee Ave,-87.6626,41.90068
172,138,Clybourn Ave & Division St,-87.640552,41.904613
175,72,Wabash Ave & 16th St,-87.625813,41.860384
176,273,Michigan Ave & 18th St,-87.62455,41.857813
182,175,Wells St & Polk St,-87.633523,41.872372999999996
184,123,California Ave & Milwaukee Ave,-87.697153,41.922695000000004
186,48,Larrabee St & Kingsbury St,-87.642884,41.897764
188,183,Damen Ave & Augusta Blvd,-87.677234,41.899714
193,224,Halsted St & Willow St,-87.64884,41.913778
197,246,Ashland Ave & Belle Plaine Ave,-87.668869,41.956061
201,55,Halsted St & Roosevelt Rd,-87.648625,41.867323999999996
202,99,Lake Shore Dr & Ohio St,-87.614492,41.89257
211,14,Morgan St & 18th St,-87.651073,41.858086
213,511,Albany Ave & Bloomingdale Ave,-87.70512646200001,41.914026713
214,86,Eckhart Park,-87.66098386,41.89637337
217,168,Michigan Ave & 14th St,-87.623727,41.864059000000005
218,486,Oakley Ave & Irving Park Rd,-87.686079624,41.954340852
221,54,Ogden Ave & Chicago Ave,-87.654061273,41.896362458
224,284,Michigan Ave & Jackson Blvd,-87.62408,41.87785
225,327,Sheffield Ave & Webster Ave,-87.653818,41.92154
227,9,Leavitt St & Archer Ave,-87.680604459,41.82879202
232,67,Sheffield Ave & Fullerton Ave,-87.653708042,41.925601881999995
236,182,Wells St & Elm St,-87.63432399999999,41.903222
242,195,Columbus Dr & Randolph St,-87.61952099999999,41.884728
244,232,Pine Grove Ave & Waveland Ave,-87.646303,41.949275
247,255,Indiana Ave & Roosevelt Rd,-87.623041,41.867888
248,219,Damen Ave & Cortland St,-87.67741099999999,41.916027
249,464,Damen Ave & Foster Ave,-87.679459039,41.975614805
250,319,Greenview Ave & Diversey Pkwy,-87.665939,41.932595
253,165,Clark St & Grace St,-87.659172,41.95078
257,311,Leavitt St & Lawrence Ave,-87.684001,41.968885
259,53,Wells St & Huron St,-87.633775,41.894729
263,426,Ellis Ave & 60th St,-87.601072761,41.785097146
266,107,Desplaines St & Jackson Blvd,-87.643909,41.878287
268,188,Greenview Ave & Fullerton Ave,-87.6658,41.925329999999995
273,100,Orleans St & Merchandise Mart Plaza,-87.63639,41.888243
275,7,Field Blvd & South Water St,-87.61751654700001,41.886349063000004
276,230,Lincoln Ave & Roscoe St,-87.67097,41.94334
279,61,Wood St & Milwaukee Ave,-87.672552,41.907655
281,259,California Ave & Francis Pl,-87.696972,41.918121
282,264,Stetson Ave & South Water St,-87.62232,41.886835
283,45,Michigan Ave & Congress Pkwy,-87.624426,41.876243
288,292,Southport Ave & Clark St,-87.664199,41.957081
297,233,Sangamon St & Washington Blvd (*),-87.65114799999999,41.883004
298,69,Damen Ave & Pierce Ave,-87.67769192899999,41.909396006
299,47,State St & Kinzie St,-87.6277,41.889179999999996
300,226,Racine Ave & Belmont Ave,-87.658865,41.939743
301,330,Lincoln Ave & Addison St,-87.67330799999999,41.946176
303,199,Wabash Ave & Grand Ave,-87.626937,41.891738000000004
304,289,Wells St & Concord Ln,-87.634656,41.912133000000004
307,413,Woodlawn Ave & Lake Park Ave,-87.597005148,41.81409271
309,157,Lake Shore Dr & Wellington Ave,-87.636794,41.936669
312,161,Rush St & Superior St,-87.62590803299999,41.895764746
314,301,Clark St & Schiller St,-87.631501,41.907993
315,418,Ellis Ave & 53rd St,-87.600958114,41.799336263
317,342,Wolcott Ave & Polk St,-87.673688,41.871262
319,306,Sheridan Rd & Buena Ave,-87.654966,41.958494
320,211,St. Clair St & Erie St,-87.622663,41.894448
322,24,Fairbanks Ct & Grand Ave,-87.62062,41.89186
323,130,Damen Ave & Division St,-87.67695,41.90331
324,302,Sheffield Ave & Wrightwood Ave,-87.65383299999999,41.928712
326,241,Morgan St & Polk St,-87.65103,41.871736999999996
328,331,Halsted St & Blackhawk St (*),-87.648627,41.908537
333,231,Sheridan Rd & Montrose Ave,-87.65464,41.96167
336,260,Kedzie Ave & Milwaukee Ave,-87.70785699999999,41.929567
337,201,Indiana Ave & 40th St,-87.6216,41.82168
349,40,LaSalle St & Adams St,-87.63198522100001,41.879344373
350,154,Southport Ave & Belmont Ave,-87.66378,41.93949
351,276,California Ave & North Ave,-87.6972,41.91044
353,225,Halsted St & Dickens Ave,-87.64883,41.919936
354,88,May St & Randolph St,-87.655688,41.88397
359,81,Daley Center Plaza,-87.629892,41.884451
369,38,Clark St & Lake St,-87.630876058,41.886020828
373,116,Western Ave & Winnebago Ave,-87.687051,41.915533
378,93,Sheffield Ave & Willow St,-87.652855,41.913688
380,345,Lake Park Ave & 56th St,-87.58778199999999,41.793242
393,28,Larrabee St & Menomonee St,-87.64331999999999,41.91468
395,320,Loomis St & Lexington St,-87.661501,41.872187
397,44,State St & Randolph St,-87.627733569,41.884730200999996
399,94,Clark St & Armitage Ave,-87.636282,41.918306
405,5,State St & Harrison St,-87.627716,41.874053
406,41,Federal St & Polk St,-87.629543773,41.872077633
414,73,Jefferson St & Monroe St,-87.642746,41.880421999999996
418,300,Broadway & Barry Ave,-87.644095,41.937725
420,177,Theater on the Lake,-87.630834,41.926277
421,149,Calumet Ave & 33rd St,-87.61793,41.8349
445,305,Western Ave & Division St,-87.687275,41.902893
460,468,Budlong Woods Library,-87.696422561,41.983664709
461,338,Calumet Ave & 18th St,-87.619407,41.857611
468,333,Ashland Ave & Blackhawk St,-87.667252,41.907066
469,140,Dearborn Pkwy & Delaware Pl,-87.629912,41.898969
475,238,Ravenswood Ave & Montrose Ave (*),-87.67436500000001,41.961615
482,288,Larrabee St & Armitage Ave,-87.643749,41.918084
487,176,Clark St & Elm St,-87.631253,41.903233
494,223,Clifton Ave & Armitage Ave,-87.656936,41.918215999999994
496,13,Wilton Ave & Diversey Pkwy,-87.65270500000001,41.932418
498,462,Ravenswood Ave & Balmoral Ave,-87.67581472799999,41.979770216999995
503,343,Racine Ave & Wrightwood Ave,-87.658971,41.928886999999996
505,304,Broadway & Waveland Ave,-87.648674,41.949546000000005
517,479,Drake Ave & Montrose Ave,-87.71656907299999,41.961154076
523,159,Claremont Ave & Hirsch St,-87.685854,41.907781
528,494,Kedzie Ave & Bryn Mawr Ave,-87.70892252,41.982397085
534,285,Wood St & Grand Ave,-87.67203,41.89113
551,178,State St & 19th St,-87.627542,41.856594
552,365,Halsted St & North Branch St,-87.648479875,41.899368439
553,500,Central Park Ave & Elbridge Ave,-87.716889294,41.935337283
558,366,Loomis St & Archer Ave,-87.65743495299999,41.84163254
562,213,Leavitt St & North Ave,-87.68229000000001,41.910153
575,129,Blue Island Ave & 18th St,-87.661535,41.857556
578,23,Orleans St & Elm St (*),-87.637715,41.902924
582,471,Francisco Ave & Foster Ave,-87.70141943899999,41.975632725
584,287,Franklin St & Monroe St,-87.63518499999999,41.880317
592,268,Lake Shore Dr & North Blvd,-87.626804,41.911722
593,27,Larrabee St & North Ave,-87.6435,41.91021
596,108,Halsted St & Polk St,-87.64664,41.87184
606,158,Milwaukee Ave & Wabansia Ave,-87.681391,41.912616
618,299,Halsted St & Roscoe St,-87.64895,41.943670000000004
634,313,Lakeview Ave & Fullerton Pkwy,-87.638973,41.925858000000005
639,58,Marshfield Ave & Cortland St,-87.668879,41.916017
642,401,Shields Ave & 28th Pl,-87.635491,41.842733
648,205,Paulina St & 18th St,-87.668745,41.857901
650,25,Michigan Ave & Pearson St,-87.62351,41.897659999999995
657,170,Clinton St & 18th St,-87.640826,41.85795
661,173,Mies van der Rohe Way & Chicago Ave,-87.62174300000001,41.89691
664,339,Emerald Ave & 31st St,-87.645143,41.838198
665,329,Lake Shore Dr & Diversey Pkwy,-87.63625,41.932684
671,35,Streeter Dr & Grand Ave,-87.6122,41.891071000000004
680,403,Wentworth Ave & 33rd St,-87.631822981,41.834529886
690,202,Halsted St & 18th St,-87.646277,41.857499
692,112,Green St & Randolph St,-87.64867,41.883668
697,463,Clark St & Berwyn Ave,-87.668047105,41.977996654
708,172,Rush St & Cedar St,-87.62769052799999,41.902308700999995
714,247,Shore Dr & 55th St,-87.580715,41.795212
715,476,Kedzie Ave & Leland Ave,-87.708051981,41.966686362
732,256,Broadway & Sheridan Rd,-87.64999300000001,41.952833
746,126,Clark St & North Ave,-87.63194200000001,41.911974
750,507,Humboldt Blvd & Armitage Ave,-87.70180895600001,41.917513394000004
753,164,Franklin St & Lake St,-87.6355,41.885837
768,309,Leavitt St & Armitage Ave,-87.682437,41.917805
769,274,Racine Ave & 15th St,-87.656625,41.861267
812,229,Southport Ave & Roscoe St,-87.66402,41.943739
814,39,Wabash Ave & Adams St,-87.625688606,41.879472352
816,314,Ravenswood Ave & Berteau Ave,-87.673567,41.957921
817,318,Southport Ave & Irving Park Rd,-87.664358,41.954177
830,411,Halsted St & 47th Pl,-87.645616554,41.808133915
834,420,Ellis Ave & 55th St,-87.601449773,41.794300621
859,272,Indiana Ave & 31st St,-87.62185699999999,41.838842
884,275,Ashland Ave & 13th St,-87.666507,41.865234
888,204,Prairie Ave & Garfield Blvd,-87.618691,41.794853
892,84,Union Ave & Grand Ave,-87.645925,41.891000000000005
895,210,Ashland Ave & Division St,-87.66774699999999,41.90345
897,132,Wentworth Ave & 24th St,-87.631715,41.849237
929,37,Dearborn St & Adams St,-87.629791036,41.879356359
942,109,900 W Harrison St,-87.650019,41.874675
954,475,Washtenaw Ave & Lawrence Ave,-87.69616957,41.968711069
964,169,Canal St & Harrison St,-87.639566,41.874337
984,236,Sedgwick St & Schiller St,-87.63851700000001,41.907576
1007,147,Indiana Ave & 26th St,-87.62248000000001,41.8457
1010,298,Lincoln Ave & Belle Plaine Ave,-87.679259,41.955927
1012,234,Clark St & Montrose Ave,-87.666036,41.961588
1071,493,Western Ave & Roscoe St,-87.687394535,41.943026165
1073,209,Normal Ave & Archer Ave,-87.640591,41.849527
1096,32,Racine Ave & Congress Pkwy,-87.65703,41.87464
1111,17,Wood St & Division St,-87.67273,41.90332
1132,15,Racine Ave & 18th St,-87.65649499999999,41.858166
1158,461,Broadway & Ridge Ave,-87.66027383,41.984044611
1160,417,Cornell Ave & Hyde Park Blvd,-87.586924,41.802406
1176,323,Sheridan Rd & Lawrence Ave,-87.654691,41.969516999999996
1197,498,California Ave & Fletcher St,-87.69800775600001,41.938428791
1215,385,Princeton Ave & Garfield Blvd,-87.633124,41.794982
1231,316,Damen Ave & Sunnyside Ave,-87.67925799999999,41.96325
1247,85,Michigan Ave & Oak St,-87.62377664,41.90096039
1250,200,MLK Jr Dr & 47th St,-87.616279,41.809851
1256,324,Stockton Dr & Wrightwood Ave,-87.63874200000001,41.93132
1258,414,Canal St & Taylor St,-87.63947399999999,41.870257
1265,457,Clark St & Elmdale Ave,-87.66958339799999,41.99089375
1283,248,Woodlawn Ave & 55th St,-87.596471,41.795264
1288,265,Cottage Grove Ave & Oakwood Blvd,-87.6071,41.822984999999996
1326,145,Mies van der Rohe Way & Chestnut St,-87.621915226,41.898586651
1334,76,Lake Shore Dr & Monroe St,-87.616743,41.880958
1335,326,Clark St & Leland Ave,-87.667429,41.967096000000005
1344,504,Campbell Ave & Fullerton Ave,-87.689307006,41.924632472
1353,194,Wabash Ave & Wacker Pl,-87.62603,41.886875
1355,370,Calumet Ave & 21st St,-87.61915374200001,41.854184249
1369,117,Wilton Ave & Belmont Ave,-87.65304,41.94018
1403,60,Dayton St & North Ave,-87.649421929,41.910578035
1430,383,Ashland Ave & Harrison St,-87.667245636,41.874290614
1440,122,Ogden Ave & Congress Pkwy,-87.67328,41.875009999999996
1465,449,Clark St & Columbia Ave,-87.672402405,42.004450629000004
1481,258,Logan Blvd & Elston Ave,-87.685126,41.930584
1490,425,Harper Ave & 59th St,-87.58831517,41.787942813
1500,510,Spaulding Ave & Division St,-87.709219571,41.902706594
1511,336,Cottage Grove Ave & 47th St,-87.606755,41.809855
1547,160,Campbell Ave & North Ave,-87.68955600000001,41.910534999999996
1555,3,Shedd Aquarium,-87.61535539,41.867225956999995
1569,20,Sheffield Ave & Kingsbury St,-87.65349723,41.90959193
1584,452,Western Ave & Granville Ave,-87.68943828200001,41.994161369000004
1589,470,Kedzie Ave & Foster Ave,-87.709261,41.975671999999996
1606,279,Halsted St & 35th St (*),-87.647172,41.830661
1617,262,Halsted St & 37th St,-87.64572,41.827059000000006
1624,402,Shields Ave & 31st St,-87.635406,41.838464
1630,19,Loomis St & Taylor St (*),-87.660996,41.869417
1632,51,Clark St & Randolph St,-87.63188991,41.884576228
1641,22,May St & Taylor St,-87.6554864,41.8694821
1650,502,California Ave & Altgeld St,-87.69789899999999,41.926618
1685,222,Milwaukee Ave & Rockwell St,-87.693033,41.920195
1699,62,McCormick Place,-87.618834649,41.851375173
1707,240,Sheridan Rd & Irving Park Rd,-87.65440600000001,41.954245
1740,328,Ellis Ave & 58th St,-87.601334,41.788746
1753,228,Damen Ave & Melrose Ave,-87.6785,41.9406
1756,206,Halsted St & Archer Ave,-87.646795,41.847203
1794,277,Ashland Ave & Grand Ave,-87.666611,41.891071999999994
1800,341,Adler Planetarium,-87.60726700000001,41.866095
1840,482,Campbell Ave & Montrose Ave,-87.691165041,41.961525933000004
1841,115,Sheffield Ave & Wellington Ave,-87.653566,41.936253
1847,180,Ritchie Ct & Banks St,-87.626402,41.906782
1848,439,Kedzie Ave & 21st St,-87.705073032,41.853533632
1891,281,Western Ave & 24th St,-87.685109,41.84847
1892,121,Blackstone Ave & Hyde Park Blvd,-87.59036800000001,41.802562
1922,501,Richmond St & Diversey Ave,-87.70119513,41.931901969
1929,280,Morgan St & 31st St,-87.65114,41.8378
1961,434,Ogden Ave & Roosevelt Rd,-87.68469707,41.866501483
1986,34,Cannon Dr & Fullerton Ave,-87.634428785,41.926755988000004
2001,317,Wood St & Taylor St,-87.67104499999999,41.869153999999995
2053,348,California Ave & 21st St,-87.69544499999999,41.854015999999994
2055,459,Lakefront Trail & Bryn Mawr Ave,-87.652310469,41.984036696
2063,6,Dusable Harbor,-87.61279453899999,41.885041992
2069,197,Michigan Ave & Madison St,-87.625125,41.882134
2070,113,Bissell St & Armitage Ave,-87.65222,41.918440000000004
2075,442,California Ave & 23rd Pl,-87.695139807,41.849109692
2080,90,Millennium Park,-87.62408432,41.8810317
2186,97,Museum Campus,-87.61775899999999,41.865212
2235,445,California Ave & 26th St,-87.69529592299999,41.844040031
2261,244,Ravenswood Ave & Irving Park Rd,-87.67393,41.95469
2274,250,Ashland Ave & Wellington Ave,-87.66980699999999,41.936083
2342,239,Western Ave & Leland Ave,-87.688487,41.966555
2345,416,Dorchester Ave & 49th St,-87.592464,41.805772
2370,472,Lincoln Ave & Winona St,-87.69250255899999,41.974911297
2374,179,MLK Jr Dr & Oakwood Blvd,-87.61615,41.822559999999996
2376,436,Fairfield Ave & Roosevelt Rd,-87.694521,41.866624
2423,410,Prairie Ave & 43rd St,-87.61941246200001,41.816658893
2444,495,Keystone Ave & Montrose Ave,-87.728970101,41.961108016
2486,257,Lincoln Ave & Waveland Ave,-87.675112,41.94911
2531,505,Winchester Ave & Elston Ave,-87.676460075,41.92409085
2576,388,Halsted St & 63rd St,-87.64462081399999,41.779381142
2613,424,Museum of Science and Industry,-87.58394500899999,41.79172821
2618,381,Western Ave & Monroe St,-87.68611280799999,41.879787709
2653,509,Troy St & North Ave,-87.70528048700001,41.909769302
2656,399,South Shore Dr & 74th St,-87.55927465,41.76218896
2681,4,Burnham Harbor,-87.613348,41.856268
2712,454,Broadway & Granville Ave,-87.660284535,41.994779688
2737,432,Clark St & Lunt Ave,-87.67371139299999,42.009069134
2760,249,Montrose Harbor,-87.638181,41.963982
2784,294,Broadway & Berwyn Ave,-87.65975300000001,41.978353000000006
2811,489,Drake Ave & Addison St,-87.716421522,41.946781849000004
2831,136,Racine Ave & 13th St,-87.656959,41.865054
2837,297,Paulina St & Montrose Ave,-87.671387,41.961507
2857,491,Talman Ave & Addison St,-87.69461475799999,41.946635831
2886,474,Christiana Ave & Lawrence Ave,-87.71183066799999,41.968354494
2918,184,State St & 35th St,-87.62688,41.83104
3023,203,Western Ave & 21st St,-87.685243,41.85394
3303,421,MLK Jr Dr & 56th St (*),-87.615853262,41.793429456999995
3334,315,Elston Ave & Wabansia Ave,-87.664169,41.912919
3737,453,Clark St & Schreiber Ave,-87.671377339,41.999251822
3778,162,Damen Ave & Wellington Ave,-87.67841999999999,41.93588
3794,310,Damen Ave & Charleston St,-87.67785500000001,41.920082
3840,263,Rhodes Ave & 32nd St,-87.61353299999999,41.836208
3889,438,Central Park Ave & Ogden Ave,-87.715405838,41.854204313000004
3911,447,Glenwood Ave & Morse Ave,-87.665502394,42.007971923
3952,469,St. Louis Ave & Balmoral Ave,-87.716114962,41.980394235
3984,451,Sheridan Rd & Loyola Ave,-87.66119824299999,42.00104378
4126,253,Clifton Ave & Lawrence Ave,-87.658857,41.968872999999995
4351,437,Washtenaw Ave & 15th St (*),-87.693374,41.86148
4380,185,Stave St & Armitage Ave,-87.69139200000001,41.917741
4507,103,Clinton St & Polk St (*),-87.64094913299999,41.871466518000005
4593,124,Damen Ave & Cullerton St,-87.675726,41.855048
4635,42,Wabash Ave & Cermak Rd,-87.626488,41.852619
4742,499,Kosciuszko Park,-87.723777364,41.930585371
4783,487,California Ave & Byron St,-87.69805111299999,41.952162193
4790,477,Manor Ave & Leland Ave,-87.701082677,41.966317529
4862,207,Emerald Ave & 28th St,-87.645368,41.843579999999996
5233,497,Kimball Ave & Belmont Ave,-87.711561,41.939398
5266,490,Troy St & Elston Ave,-87.706649901,41.945243568
5466,95,Stony Island Ave & 64th St,-87.58678761799999,41.778700571
5886,237,MLK Jr Dr & 29th St,-87.617,41.842052
6097,354,Sheridan Rd & Greenleaf Ave,-87.662412095,42.010586563000004
6109,484,Monticello Ave & Irving Park Rd,-87.71912818,41.954004839
6217,215,Damen Ave & Madison St,-87.67493,41.881370000000004
6771,267,Lake Park Ave & 47th St,-87.591875,41.809443
6957,415,Calumet Ave & 51st St,-87.61805358,41.802294651
7360,427,Cottage Grove Ave & 63rd St,-87.60611238799999,41.780599015
7528,373,Kedzie Ave & Chicago Ave,-87.706127884,41.895465303
7712,367,Racine Ave & 35th St,-87.655975912,41.830696113
8345,368,Ashland Ave & Archer Ave,-87.665609859,41.839208684
8539,412,Princeton Ave & 47th St,-87.633449288,41.809317709
8643,271,Cottage Grove Ave & 43rd St,-87.60658199999999,41.816499
8958,435,Kedzie Ave & Roosevelt Rd,-87.706496176,41.866492781999995
9055,216,California Ave & Division St,-87.697474,41.903029
9413,480,Kedzie Ave & Montrose Ave,-87.708168376,41.961989761
9977,150,Fort Dearborn Dr & 31st St,-87.60821800000001,41.838556
10187,503,Drake Ave & Fullerton Ave,-87.715441036,41.924398819000004
10257,506,Spaulding Ave & Armitage Ave,-87.710356652,41.917183752
10307,481,California Ave & Montrose Ave,-87.69543900000001,41.961068
10562,351,Cottage Grove Ave & 51st St,-87.606615,41.803038
11088,422,DuSable Museum,-87.60785217700001,41.791568011
11179,433,Kedzie Ave & Harrison St,-87.704870749,41.873599675
11701,352,Jeffery Blvd & 67th St,-87.577142826,41.773517551
12679,375,Sacramento Blvd & Franklin Blvd,-87.70103,41.889727
12844,102,Stony Island Ave & 67th St,-87.58533973899999,41.773458499
14444,2,Michigan Ave & Balbo Ave,-87.620339,41.876428000000004
14472,193,State St & 29th St,-87.626938,41.841707
14789,467,Western Ave & Lunt Ave,-87.690492239,42.008594396999996
15898,428,Dorchester Ave & 63rd St,-87.591415989,41.780405646
16151,218,Wells St & 19th St,-87.63387900000001,41.856802
16494,372,Humboldt Dr & Luis Munoz Marin Dr,-87.70288199999999,41.900146
16860,485,Sawyer Ave & Irving Park Rd,-87.7093108,41.953586179
17048,429,Cottage Grove Ave & 67th St,-87.60563486,41.773720952
19106,378,California Ave & Lake St,-87.69629813700001,41.884453957
20699,450,Warren Park West,-87.68972623200001,42.002007264
22493,466,Ridge Blvd & Touhy Ave,-87.682912644,42.012132277
24386,353,Clark St & Touhy Ave,-87.674367115,42.012560115
24626,208,Ashland Ave & 21st St,-87.665897,41.853809999999996
24687,409,Shields Ave & 43rd St,-87.63481935,41.816207679
24751,406,Lake Park Ave & 35th St,-87.608799195,41.831274235
25168,335,Calumet Ave & 35th St,-87.618034,41.831379
26965,390,Wentworth Ave & 63rd St,-87.629746305,41.780079633
27055,456,2112 W Peterson Ave,-87.683593,41.991178000000005
28312,483,Keeler Ave & Irving Park Rd,-87.73257,41.953858000000004
28530,369,Wood St & 35th St,-87.670298309,41.830104654
30726,448,Warren Park East,-87.680666145,42.004549622
37444,446,Western Ave & 28th St,-87.68513144100001,41.841517708000005
40071,167,Damen Ave & Coulter St,-87.67564,41.8492
40528,356,Stony Island Ave & 71st St,-87.586460878,41.766492936999995
45883,508,Central Park Ave & North Ave,-87.71663195200001,41.909656876
46096,400,Cottage Grove Ave & 71st St,-87.60495971299999,41.765719037
47254,355,South Shore Dr & 67th St,-87.56733865,41.773668848
50807,396,Yates Blvd & 75th St,-87.56644,41.758767999999996
50983,408,Union Ave & 42nd St,-87.643565028,41.817638089
53331,455,Maplewood Ave & Peterson Ave,-87.69336964,41.990236029
54316,12,South Shore Dr & 71st St,-87.565687572,41.766409456999995
54518,441,Kedzie Ave & 24th St,-87.705413746,41.848190945
64079,393,Calumet Ave & 71st St,-87.616917925,41.765508006
69509,11,Jeffery Blvd & 71st St,-87.576450114,41.766638236999995
69881,430,MLK Jr Dr & 63rd St,-87.61594285700001,41.780080637
72954,101,63rd St Beach,-87.57611976,41.781016371999996
92291,307,Southport Ave & Clybourn Ave,-87.663712,41.920771
94234,431,Eberhart Ave & 61st St,-87.61330783,41.784141693
107832,392,Perry Ave & 69th St,-87.628195929,41.76929309
107851,443,Millard Ave & 26th St,-87.71591030799999,41.844566849
107922,391,Halsted St & 69th St,-87.64461357799999,41.76906172
109174,488,Pulaski Rd & Eddy St,-87.727736814,41.945636441
127275,190,Southport Ave & Wrightwood Ave,-87.663154,41.928795
138352,270,Stony Island Ave & 75th St,-87.586882871,41.75866967
142432,407,State St & Pershing Rd,-87.62656801799999,41.823015238
183200,444,Albany Ave & 26th St,-87.702013013,41.844475014000004
184038,395,Jeffery Blvd & 76th St,-87.575839359,41.757120068
228184,397,Saginaw Ave & Exchange Ave,-87.56011478100001,41.758745837
315360,398,Rainbow Beach,-87.54938625,41.757871448
337295,440,Lawndale Ave & 23rd St,-87.717000385,41.849881945999996
412795,384,Halsted St & 51st St,-87.645213904,41.80183164
517692,20,Sheffield Ave & Kingsbury St,-87.65310600000001,41.910522
522027,332,Halsted St & Diversey Pkwy,-87.64895899999999,41.933665999999995
554585,114,Sheffield Ave & Addison St,-87.65424200000001,41.946965999999996
624373,81,Daley Center Plaza,-87.629634,41.884240999999996
685956,386,Halsted St & 56th St,-87.644990056,41.792929646
917119,518,Conservatory Dr & Lake St,-87.71686600000001,41.885502
1098667,537,Kenton Ave & Madison St,-87.74101800000001,41.880708
1105983,532,Austin Blvd & Lake St,-87.774446,41.887919000000004
1118115,540,Laramie Ave & Madison St,-87.75393299999999,41.88051
1125571,533,Central Park Blvd & 5th Ave,-87.71547,41.875679
1125776,536,Kostner Ave & Lake St,-87.73541,41.885928
1126269,534,Pulaski Rd & Madison St,-87.726279,41.880827000000004
1127640,530,Laramie Ave & Kinzie St,-87.755527,41.887832
1132421,545,Kostner Ave & Adams St,-87.735737,41.877917
1132927,541,Central Ave & Harrison St,-87.764499,41.872993
1136704,528,Pulaski Rd & Lake St,-87.72649100000001,41.885409
1149523,544,Mason Ave & Madison St,-87.773264,41.879979999999996
1153913,546,Damen Ave & Pershing Rd,-87.676597,41.823192
1157304,529,Cicero Ave & Lake St,-87.745261,41.886841
1163028,547,Ashland Ave & Pershing Rd,-87.665577,41.823465
1179175,535,Pulaski Rd & Congress Pkwy,-87.72570400000001,41.874325
1183640,594,Western Blvd & 48th Pl,-87.683392,41.805661
1192942,551,Hoyne Ave & 47th St,-87.67718,41.808227
1193141,552,Ashland Ave & McDowell Ave,-87.66454,41.80887
1219409,548,Morgan St & Pershing Rd,-87.650931,41.823613
1223173,542,Central Ave & Madison St,-87.763238,41.880121
1223606,554,Damen Ave & 51st St,-87.674684,41.800908
1272714,572,State St & 76th St,-87.62462099999999,41.756971
1293012,568,Normal Ave & 72nd St,-87.637297,41.763462
1313723,553,Elizabeth St & 47th St,-87.656526,41.80839
1320458,618,Lombard Ave & Garfield St,-87.77919,41.87055
1321817,616,Oak Park Ave & Harrison St,-87.793945,41.872987
1328348,561,Damen Ave & 61st St,-87.67410100000001,41.783681
1329631,560,Marshfield Ave & 59th St,-87.66621500000001,41.786833
1332161,539,Cicero Ave & Quincy St,-87.745405,41.877613000000004
1333580,615,Lombard Ave & Madison St,-87.779425,41.87981
1337518,538,Cicero Ave & Flournoy St,-87.746619,41.872131
1348420,613,Wisconsin Ave & Madison St,-87.80224,41.879837
1348538,565,Ashland Ave & 66th St,-87.663815,41.774074
1349043,614,East Ave & Madison St,-87.789247,41.880113
1349233,617,East Ave & Garfield St,-87.788938,41.871311999999996
1350442,597,Chicago Ave & Washington St,-87.679101,42.032562
1352593,600,Dodge Ave & Church St,-87.698224,42.048308
1353336,596,Benson Ave & Church St,-87.683485,42.048214
1356516,601,Central St Metra,-87.69873,42.063598
1363106,563,Ashland Ave & 63rd St,-87.664843,41.779374
1371589,610,Marion St & South Blvd,-87.80287,41.88681
1374380,611,Oak Park Ave & South Blvd,-87.793899,41.886922999999996
1375173,609,Forest Ave & Lake St,-87.800255,41.888909999999996
